髙野伸栄,コンストラクションマネジメント
福田大祐,コンピューティング演習
古内仁,構造力学Ⅰ
渡部要一,土の力学Ⅰ
横田弘,科学技術英語演習Ⅰ
渡部要一,社会基盤と国土政策
渡部靖憲,数値計算法演習
内田賢悦,応用数学演習Ⅱ
ヘンリーマイケル,土木工学創成実験Ⅰ
松本高志,職業実習
松本高志,環境フィールド学実習
松本高志,土木工学創成実験Ⅱ
松本高志,卒業論文
横田弘,技術者倫理学
ヘンリーマイケル,建設材料
水野誠司,応用数学Ⅱ
佐藤努,地球科学
佐藤久,環境工学
村尾直人,気象学
川﨑了,計測工学
萩原亨,測量学
児玉淳一,火薬及び爆破工学
横田弘,科学技術英語演習Ⅱ
蟹江俊仁,寒地環境工学
蟹江俊仁,構造力学演習Ⅰ
杉山隆文,コンクリート構造学
上田多門,維持管理工学
松本高志,鋼構造学
蟹江俊仁,構造力学演習Ⅱ
横田弘,構造設計論
佐藤太裕,構造解析学
松本高志,橋梁工学
松本浩嗣,構造動力学
蟹江俊仁,構造力学Ⅱ
山田朋人,水理学演習Ⅰ
山田朋人,水理学Ⅰ
山下俊彦,沿岸環境工学
泉典洋,水圏工学
田中岳,水理学演習Ⅱ
渡部靖憲,流体力学
清水康行,水理学Ⅱ
渡部要一,土の力学Ⅱ
福田文彦,土の力学演習
西村聡,地盤基礎工学
佐藤努,インターンシップⅠ
石井一英,インターンシップⅠ
菊地優,インターンシップⅠ
石川達也,インターンシップⅠ
松本高志,インターンシップⅠ
佐藤努,インターンシップⅡ
石井一英,インターンシップⅡ
菊地優,インターンシップⅡ
石川達也,インターンシップⅡ
松本高志,インターンシップⅡ
菊地優,図形科学
田鎖順太,コンピューティング演習
ヘンリーマイケル,コンピューティング演習
森太郎,コンピューティング演習
葛隆生,応用数学Ⅰ
胡桃澤清文,応用数学Ⅰ
髙井伸雄,応用数学Ⅰ
水野誠司,応用数学Ⅰ
杉山隆文,応用数学Ⅰ
横濱勝司,応用数学演習Ⅰ
森太郎,応用数学演習Ⅰ
葛隆生,応用数学演習Ⅰ
加藤昌治,応用数学演習Ⅰ
古内仁,応用数学演習Ⅰ
菊地優,基礎図形科学
岡崎太一郎,構造力学Ⅰ
蟹江俊仁,構造力学Ⅰ
児玉淳一,構造力学Ⅰ
石川達也,土の力学Ⅰ
西村聡,土の力学Ⅰ
萩原亨,道路工学
髙橋翔,土木計画学
萩原亨,パブリックデザイン論
内田賢悦,社会資本政策学
髙橋翔,土木計画学演習
岸邦宏,パブリックデザイン演習
ヘンリーマイケル,国際プロジェクト論
岸邦宏,交通システム計画学
萩原亨,社会合意形成演習
横田弘,科学技術英語演習
石川達也,卒業論文
内田賢悦,応用数学Ⅱ
佐藤太裕,構造力学演習Ⅱ
佐藤太裕,構造力学Ⅱ
久加朋子,水理学演習Ⅰ
久加朋子,水理学Ⅰ
山下俊彦,水理学Ⅱ
磯部公一,土の力学Ⅱ
岸邦宏,土木計画学
髙野伸栄,交通システム計画学
菊地優,建築序説
菊地優,科学技術英語演習
小篠隆生,計画・設計基礎演習
中嶋唯貴,建築システム情報学
中嶋唯貴,建築算法
菊田弘輝,都市環境計画
白井和貴,制振・免震構造と耐震改修
菊地優,応用図形科学
小澤丈夫,計画・設計演習Ⅰ
菊地優,建築都市学ゼミナールⅠ
菊地優,学外建築実習
中嶋唯貴,地震工学演習
森傑,計画・設計演習Ⅱ
菊地優,建築都市学ゼミナールⅡ
瀬戸口剛,建築都市計画演習
中嶋唯貴,地震工学
小澤丈夫,計画・設計演習Ⅲ
野村理恵,建築都市法規
髙井伸雄,防災計画論
菊地優,卒業論文・設計
北垣亮馬,建設材料
北垣亮馬,建築材料演習
北垣亮馬,建築施工
北垣亮馬,建築生産
岡崎太一郎,構造力学Ⅱ
飯場正紀,各種構造Ⅰ
菊地優,構造解析
菊地優,構造解析Ⅱ
岡崎太一郎,構造力学Ⅲ
飯場正紀,各種構造Ⅱ
松井良太,建築構造動力学
飯場正紀,建築構造設計演習
松井良太,構造解析Ⅰ
羽山広文,建築環境論
森太郎,建築環境・設備計画
羽山広文,建築環境論演習
森太郎,環境と設備の演習
松下拓,環境工学概論
森傑,建築計画Ⅰ
小篠隆生,計画設計論Ⅰ
森傑,建築計画Ⅱ
野村理恵,景観計画
野村理恵,農村地域計画
瀬戸口剛,都市計画
瀬戸口剛,コミュニティデザイン
瀬戸口剛,計画設計論Ⅲ
小澤丈夫,建築史通論
小篠隆生,計画設計論Ⅱ
小澤丈夫,近代建築史
小澤丈夫,近代建築都市史
松井利仁,環境工学序論
東條安匡,数理計算演習
松井佳彦,反応工学演習
松下拓,工学基礎演習
佐藤久,環境化学演習
石井一英,科学技術英語演習
佐藤久,環境工学実験Ⅰ
長野克則,熱工学演習
伊藤竜生,流体工学演習
佐藤久,設計製図
石井一英,環境工学ゼミナール
松藤敏彦,環境工学実験Ⅱ
松藤敏彦,環境工学実験Ⅲ
石井一英,卒業論文
東條安匡,環境統計学
松藤敏彦,環境モデリング
石井一英,計画数理学
石井一英,環境システム工学
木村克輝,流体工学Ⅰ
上田多門,構造力学Ⅱ
石川達也,土の力学Ⅱ
長野克則,熱工学Ⅰ
濱田靖弘,熱工学Ⅱ
白崎伸隆,流体工学Ⅱ
松井佳彦,反応工学
北島正章,物理化学要論
佐藤久,分析化学
木村克輝,分離工学
若林斉,環境生理学
松下拓,環境毒性学
松井利仁,環境物理
岡部聡,微生物工学
佐藤久,水文学
松井佳彦,環境リスク解析学
木村克輝,下水工学
岡部聡,上水工学
佐藤久,水環境保全工学
長野克則,都市エネルギーシステム工学
濱田靖弘,人間環境計画学
松藤敏彦,廃棄物処理工学
児玉淳一,資源循環工学
松井利仁,大気保全工学
石井一英,廃棄物管理工学
佐藤努,資源循環システム実験Ⅱ
佐藤努,資源循環システムⅡ
伊藤真由美,資源循環デザイン
佐藤努,インターンシップ
胡桃澤清文,資源循環システム実験Ⅰ
児玉淳一,資源循環システム実験Ⅲ
児玉淳一,資源循環システムⅠ
大竹翼,技術英語
佐藤努,卒業論文
藤井義明,弾性体の力学
原田周作,流体力学
鈴木浩一,地殻システム工学
原田周作,流体力学演習
原田周作,応用数学Ⅱ
胡桃澤清文,数値計算法
五十嵐敏文,環境化学
廣吉直樹,資源化学Ⅱ
胡桃澤清文,熱力学
伊藤真由美,物理化学演習
大竹翼,応用地質学
エラクネスヨガラジャ,資源化学Ⅰ
加藤昌治,熱力学演習
伊藤真由美,物理化学
藤井義明,岩盤工学
廣吉直樹,粉体工学
五十嵐敏文,地下水工学
中島一紀,微生物工学