地球科学,佐藤 努
応用物理学,笹倉 弘理
技術者倫理と安全,忠永 清治
材料デザイン工学,米澤 徹
物質変換工学,向井 紳
インターンシップⅠ,米澤 徹
インターンシップⅠ,向井 紳
インターンシップⅠ,明楽 浩史
インターンシップⅡ,向井 紳
インターンシップⅡ,米澤 徹
インターンシップⅡ,明楽 浩史
応用数学Ⅰ,足立 智
応用数学Ⅰ,戸田 泰則
応用数学Ⅰ,江上 喜幸
応用数学演習Ⅰ,江上 喜幸
応用数学演習Ⅰ,足立 智
応用数学演習Ⅰ,戸田 泰則
気象学,村尾 直人
金属製錬工学,秋山 友宏
セラミック材料学,渡辺 精一
科学英語演習,向井 紳
特許と文書作成法,鈴木 亮輔
分子材料化学,佐藤 信一郎
科学英語演習,明楽 浩史
科学英語演習,米澤 徹
物理数学入門,西口 規彦
量子技術と量子物性,市村 晃一
結晶工学,髙倉 洋礼
ナノ・テクノロジー入門,西口 規彦
量子化学Ⅱ,佐藤 信一郎
金属加工学,沖中 憲之
固体化学,忠永 清治
金属材料学,橋本 直幸
電子材料化学,安住 和久
半導体材料学,渡辺 精一
生物化学工学,髙木 睦
無機物理化学,長谷川 靖哉
錯体化学,長谷川 靖哉
エネルギー材料工学,沖中 憲之
化学プロセス工学,荻野 勲
化学工学Ⅱ,坪内 直人
高分子化学Ⅱ,田島 健次
電気化学,幅﨑 浩樹
無機材料化学,忠永 清治
応用物理学実験法,藤井 修治
応用物理学実験Ⅰ,佐々木 裕司
応用物理学実験Ⅱ,佐々木 裕司
応用物理学英文講読,長谷川 祐司
創造工学,明楽 浩史
卒業論文,明楽 浩史
力学演習,ＷＲＩＧＨＴ ＯＬＩＶＥＲ
力学,ＷＲＩＧＨＴ ＯＬＩＶＥＲ
振動・波動,田中 之博
振動・波動演習,田中 之博
連続体力学,折原 宏
電磁気学演習Ⅰ,山根 啓作
電磁気学Ⅰ,山根 啓作
電磁気学演習Ⅱ,鈴浦 秀勝
電磁気学Ⅱ,鈴浦 秀勝
電子工学,戸田 泰則
光物理学Ⅰ,笹倉 弘理
光エレクトロニクス,関川 太郎
光物理学Ⅱ,関川 太郎
応用数学Ⅱ,小布施 秀明
応用数学演習Ⅱ,小布施 秀明
計算科学,江上 喜幸
応用数学Ⅲ,土家 琢磨
複雑系の物理学,矢久保 考介
熱力学,藤井 修治
統計力学演習Ⅰ,明楽 浩史
固体物理学Ⅰ,土家 琢磨
統計力学Ⅰ,明楽 浩史
半導体物理学,笹倉 弘理
統計力学演習Ⅱ,浅野 泰寛
極低温物理学,浅野 泰寛
固体物理学Ⅱ,丹田 聡
統計力学Ⅱ,浅野 泰寛
量子力学入門,長谷川 祐司
量子力学演習Ⅰ,小布施 秀明
量子エレクトロニクス,関川 太郎
量子力学Ⅰ,矢久保 考介
量子力学演習Ⅱ,水野 誠司
量子力学Ⅱ,水野 誠司
化学英語Ａクラス,長谷川 靖哉
化学英語Ｂクラス,長谷川 靖哉
創造工学演習,向井 紳
卒業論文,向井 紳
物理化学ⅠＡクラス,幅﨑 浩樹
物理化学ⅠＢクラス,青木 芳尚
物理化学ⅢＡクラス,荻野 勲
物理化学ⅢＢクラス,忠永 清治
量子化学ⅠＡクラス,小泉 均
量子化学ⅠＢクラス,長谷川 靖哉
物理化学演習Ａクラス,青木 芳尚
物理化学演習Ｂクラス,伏見 公志
物性化学,島田 敏宏
応用化学学生実験ⅠＡクラス,伏見 公志
応用化学学生実験ⅠＢクラス,伏見 公志
物理化学ⅡＡクラス,安住 和久
物理化学ⅡＢクラス,長浜 太郎
分析化学ⅠＡクラス,谷 博文
分析化学ⅠＢクラス,谷 博文
分析化学Ⅱ,惠良田 知樹
化学結合論Ａクラス,長浜 太郎
化学結合論Ｂクラス,渡慶次 学
無機化学Ａクラス,樋口 幹雄
無機化学Ｂクラス,鱒渕 友治
応用化学学生実験Ⅱ,樋口 幹雄
有機化学ⅠＡクラス,伊藤 肇
有機化学ⅠＢクラス,猪熊 泰英
有機化学ⅡＡクラス,新井 則義
有機化学ⅡＢクラス,石山 竜生
有機化学ⅢＡクラス,仙北 久典
有機化学ⅢＢクラス,大熊 毅
有機合成化学,石山 竜生
応用化学学生実験Ⅴ,仙北 久典
有機化学Ⅳ,大熊 毅
有機機器分析化学,関 朋宏
生化学ⅠＡクラス,大利 徹
生化学ⅠＢクラス,大利 徹
"応用化学学生実験Ⅲ
Ⅲ",堀 千明
生化学ⅡＡクラス,松本 謙一郎
生化学ⅡＢクラス,大井 俊彦
高分子機能化学,山本 拓矢
高分子化学ⅠＡクラス,佐藤 敏文
高分子化学ⅠＢクラス,佐藤 敏文
基礎プロセス工学Ａクラス,増田 隆夫
基礎プロセス工学Ｂクラス,増田 隆夫
応用化学学生実験Ⅳ,藤田 進一郎
化学工学ⅠＡクラス,向井 紳
化学工学ⅠＢクラス,向井 紳
計算機演習,中坂 佑太
触媒化学,岩佐 信弘
反応工学,藤田 進一郎
材料工学演習Ⅰ,上田 幹人
材料工学演習Ⅳ,大野 宗一
創造工学,能村 貴宏
材料工学演習Ⅱ,大参 達也
材料工学演習Ⅲ,菊地 竜也
材料工学演習Ⅴ,岩井 一彦
材料工学演習Ⅵ,礒部 繁人
コンピュータ演習,瀧澤 聡
材料工学実験Ⅰ,石田 洋平
材料工学演習Ⅶ,坂入 正敏
材料工学実験Ⅱ,石田 洋平
卒業論文,米澤 徹
結晶解析学,米澤 徹
材料熱力学,上田 幹人
応用数学Ⅱ,坂口 紀史
材料物理学,橋本 直幸
熱力学,折原 宏
プロセス物理化学,大参 達也
マテリアルプロセス工学,鈴木 亮輔
表界面物理化学,松島 永佳
移動速度論,岩井 一彦
相平衡論,菊地 竜也
相変態論,林 重成
材料組織学,大野 宗一
強度物性学,三浦 誠司
弾塑性学,大野 宗一
強度設計学,池田 賢一
加工プロセス工学,橋本 直幸
材料量子力学,坂口 紀史
材料物性学,礒部 繁人
材料機能学,坂入 正敏
学外実習Ⅰ,米澤 徹
材料科学基礎英語,坂入 正敏
プレゼンテーション,米澤 徹
学外実習Ⅱ,米澤 徹