髙野 伸栄,コンストラクションマネジメント
福田 大祐,コンピューティング演習
古内 仁,構造力学Ⅰ
渡部 要一,土の力学Ⅰ
横田 弘,科学技術英語演習Ⅰ
渡部 要一,社会基盤と国土政策
渡部 靖憲,数値計算法演習
内田 賢悦,応用数学演習Ⅱ
ヘンリー マイケル,土木工学創成実験Ⅰ
松本 高志,職業実習
松本 高志,環境フィールド学実習
松本 高志,土木工学創成実験Ⅱ
松本 高志,卒業論文
横田 弘,技術者倫理学
ヘンリー マイケル,建設材料
水野 誠司,応用数学Ⅱ
佐藤 努,地球科学
佐藤 久,環境工学
村尾 直人,気象学
川﨑 了,計測工学
萩原 亨,測量学
児玉 淳一,火薬及び爆破工学
横田 弘,科学技術英語演習Ⅱ
蟹江 俊仁,寒地環境工学
蟹江 俊仁,構造力学演習Ⅰ
杉山 隆文,コンクリート構造学
上田 多門,維持管理工学
松本 高志,鋼構造学
蟹江 俊仁,構造力学演習Ⅱ
横田 弘,構造設計論
佐藤 太裕,構造解析学
松本 高志,橋梁工学
松本 浩嗣,構造動力学
蟹江 俊仁,構造力学Ⅱ
山田 朋人,水理学演習Ⅰ
山田 朋人,水理学Ⅰ
山下 俊彦,沿岸環境工学
泉典 洋,水圏工学
田中 岳,水理学演習Ⅱ
渡部 靖憲,流体力学
清水 康行,水理学Ⅱ
渡部 要一,土の力学Ⅱ
福田 文彦,土の力学演習
西村 聡,地盤基礎工学
佐藤 努,インターンシップⅠ
石井 一英,インターンシップⅠ
菊地 優,インターンシップⅠ
石川 達也,インターンシップⅠ
松本 高志,インターンシップⅠ
佐藤 努,インターンシップⅡ
石井 一英,インターンシップⅡ
菊地 優,インターンシップⅡ
石川 達也,インターンシップⅡ
松本 高志,インターンシップⅡ
菊地 優,図形科学
田鎖 順太,コンピューティング演習
ヘンリー マイケル,コンピューティング演習
森 太郎,コンピューティング演習
葛 隆生,応用数学Ⅰ
胡桃澤 清文,応用数学Ⅰ
髙井 伸雄,応用数学Ⅰ
水野 誠司,応用数学Ⅰ
杉山 隆文,応用数学Ⅰ
横濱 勝司,応用数学演習Ⅰ
森 太郎,応用数学演習Ⅰ
葛 隆生,応用数学演習Ⅰ
加藤 昌治,応用数学演習Ⅰ
古内 仁,応用数学演習Ⅰ
菊地 優,基礎図形科学
岡崎 太一郎,構造力学Ⅰ
蟹江 俊仁,構造力学Ⅰ
児玉 淳一,構造力学Ⅰ
石川 達也,土の力学Ⅰ
西村 聡,土の力学Ⅰ
萩原 亨,道路工学
髙橋 翔,土木計画学
萩原 亨,パブリックデザイン論
内田 賢悦,社会資本政策学
髙橋 翔,土木計画学演習
岸邦 宏,パブリックデザイン演習
ヘンリー マイケル,国際プロジェクト論
岸 邦宏,交通システム計画学
萩原 亨,社会合意形成演習
横田 弘,科学技術英語演習
石川 達也,卒業論文
内田 賢悦,応用数学Ⅱ
佐藤 太裕,構造力学演習Ⅱ
佐藤 太裕,構造力学Ⅱ
久加 朋子,水理学演習Ⅰ
久加 朋子,水理学Ⅰ
山下 俊彦,水理学Ⅱ
磯部 公一,土の力学Ⅱ
岸 邦宏,土木計画学
髙野 伸栄,交通システム計画学
菊地 優,建築序説
菊地 優,科学技術英語演習
小篠 隆生,計画・設計基礎演習
中嶋 唯貴,建築システム情報学
中嶋 唯貴,建築算法
菊田 弘輝,都市環境計画
白井 和貴,制振・免震構造と耐震改修
菊地 優,応用図形科学
小澤 丈夫,計画・設計演習Ⅰ
菊地 優,建築都市学ゼミナールⅠ
菊地 優,学外建築実習
中嶋 唯貴,地震工学演習
森 傑,計画・設計演習Ⅱ
菊地 優,建築都市学ゼミナールⅡ
瀬戸 口剛,建築都市計画演習
中嶋 唯貴,地震工学
小澤 丈夫,計画・設計演習Ⅲ
野村 理恵,建築都市法規
髙井 伸雄,防災計画論
菊地 優,卒業論文・設計
北垣 亮馬,建設材料
北垣 亮馬,建築材料演習
北垣 亮馬,建築施工
北垣 亮馬,建築生産
岡崎 太一郎,構造力学Ⅱ
飯場 正紀,各種構造Ⅰ
菊地 優,構造解析
菊地 優,構造解析Ⅱ
岡崎 太一郎,構造力学Ⅲ
飯場 正紀,各種構造Ⅱ
松井 良太,建築構造動力学
飯場 正紀,建築構造設計演習
松井 良太,構造解析Ⅰ
羽山 広文,建築環境論
森 太郎,建築環境・設備計画
羽山 広文,建築環境論演習
森 太郎,環境と設備の演習
松下 拓,環境工学概論
森 傑,建築計画Ⅰ
小篠 隆生,計画設計論Ⅰ
森 傑,建築計画Ⅱ
野村 理恵,景観計画
野村 理恵,農村地域計画
瀬戸 口剛,都市計画
瀬戸 口剛,コミュニティデザイン
瀬戸 口剛,計画設計論Ⅲ
小澤 丈夫,建築史通論
小篠 隆生,計画設計論Ⅱ
小澤 丈夫,近代建築史
小澤 丈夫,近代建築都市史
松井 利仁,環境工学序論
東條 安匡,数理計算演習
松井 佳彦,反応工学演習
松下 拓,工学基礎演習
佐藤 久,環境化学演習
石井 一英,科学技術英語演習
佐藤 久,環境工学実験Ⅰ
長野 克則,熱工学演習
伊藤 竜生,流体工学演習
佐藤 久,設計製図
石井 一英,環境工学ゼミナール
松藤 敏彦,環境工学実験Ⅱ
松藤 敏彦,環境工学実験Ⅲ
石井 一英,卒業論文
東條 安匡,環境統計学
松藤 敏彦,環境モデリング
石井 一英,計画数理学
石井 一英,環境システム工学
木村 克輝,流体工学Ⅰ
上田 多門,構造力学Ⅱ
石川 達也,土の力学Ⅱ
長野 克則,熱工学Ⅰ
濱田 靖弘,熱工学Ⅱ
白崎 伸隆,流体工学Ⅱ
松井 佳彦,反応工学
北島 正章,物理化学要論
佐藤 久,分析化学
木村 克輝,分離工学
若林 斉,環境生理学
松下 拓,環境毒性学
松井 利仁,環境物理
岡部 聡,微生物工学
佐藤 久,水文学
松井 佳彦,環境リスク解析学
木村 克輝,下水工学
岡部 聡,上水工学
佐藤 久,水環境保全工学
長野 克則,都市エネルギーシステム工学
濱田 靖弘,人間環境計画学
松藤 敏彦,廃棄物処理工学
児玉 淳一,資源循環工学
松井 利仁,大気保全工学
石井 一英,廃棄物管理工学
佐藤 努,資源循環システム実験Ⅱ
佐藤 努,資源循環システムⅡ
伊藤 真由美,資源循環デザイン
佐藤 努,インターンシップ
胡桃澤 清文,資源循環システム実験Ⅰ
児玉 淳一,資源循環システム実験Ⅲ
児玉 淳一,資源循環システムⅠ
大竹 翼,技術英語
佐藤 努,卒業論文
藤井 義明,弾性体の力学
原田 周作,流体力学
鈴木 浩一,地殻システム工学
原田 周作,流体力学演習
原田 周作,応用数学Ⅱ
胡桃澤 清文,数値計算法
五十嵐 敏文,環境化学
廣吉 直樹,資源化学Ⅱ
胡桃澤 清文,熱力学
伊藤 真由美,物理化学演習
大竹 翼,応用地質学
エラクネス ヨガラジャ,資源化学Ⅰ
加藤 昌治,熱力学演習
伊藤 真由美,物理化学
藤井 義明,岩盤工学
廣吉 直樹,粉体工学
五十嵐 敏文,地下水工学
中島 一紀,微生物工学