,
経営学特殊講義Ⅱ,古見 彰里
, 
     ,
 ,
経営学特殊講義Ⅱ,宇野 健司
, 
     ,
経営学特殊講義Ⅱ,菅野 浩 
     ,
  ,
経営学特殊講義Ⅱ,櫻田 譲
（税務会計論）, 
     ,
基礎経営学Ａ,岡田 美弥子
 , 
基礎経営学Ｂ,阿部 智和
 , 
基礎経営学Ｃ,平本 健太
 , 
経営学Ⅰ,岩田 智
  , 
経営学Ⅱ,坂川 裕司
  , 
経営組織論特論Ａ,相原 基大
     , 
経営組織論特論Ｂ,相原 基大
     , 
経営管理Ⅰ,松尾 睦
  , 
経営管理Ⅱ,内田 純一
  ,
企業論Ⅰ,相原 基大
    , 
職業指導,相原 基大
 , 
企業論Ⅱ,岡田 美弥子
    , 
企業行動論特論Ａ,岩田 智
     , 
企業行動論特論Ｂ,岩田 智
     , 
経営戦略論特論Ａ,平本 健太
     , 
経営戦略論特論Ｂ,平本 健太
     , 
非営利組織論特論Ａ,松尾 睦
     , 
非営利組織論特論Ｂ,松尾 睦
     , 
マーケティング特論Ａ,坂川 裕司
    , 
マーケティング特論Ｂ,坂川 裕司
    , 
国際経営論特論Ａ,岡田 美弥子
     , 
国際経営論特論Ｂ,岡田 美弥子
     , 
組織イノベーション論特論Ａ,阿部 智和
     , 
組織イノベーション論特論Ｂ,阿部 智和
     , 
基礎コーポレート・ファイナンス,鈴木 輝好
 , 
ファイナンス理論,鈴木 輝好
, 
コーポレート・ファイナンス特論,鈴木 輝好
    , 
オペレーションズ・リサーチⅠ,石井 利昌
  , 
オペレーションズ・リサーチⅡ,田中 嘉浩
  , 
オペレーションズ・リサーチ特論Ａ,石井 利昌
     , 
オペレーションズ・リサーチ特論Ｂ,石井 利昌
     , 
リアルオプション特論Ａ,後藤 允
     , 
リアルオプション特論Ｂ,後藤 允
     , 
経営数理特論Ａ,田中 嘉浩
     , 
基礎会計学,春日部 光紀
, 
簿記論,米山 祐司
, 
財務諸表論Ⅰ,米山 祐司
  , 
財務会計論,久保 淳司
 , 
会計基準論,久保 淳司
    , 
管理会計論,篠田 朝也
 , 
管理会計論Ⅱ,篠田 朝也
  , 
監査論Ⅰ,蟹江 章
 , 
監査論Ⅱ,吉見 宏
 , 
税務会計論Ⅲ,櫻田 譲
  , 
会計事例研究Ａ,米山 祐司
, 
    ,
会計事例研究Ａ,櫻田 譲
, 
    ,
,
    ,