経済学特殊講義Ⅱ,樋渡 雅人
（国際協力論）, 
   Ⅱ,
経済学特殊講義Ⅱ,池見 真由
（国際環境経済学）, 
   Ⅱ,
経済学特殊講義Ⅱ,直井 博
（資産運用に役立つ金融知力）, 
   Ⅱ,
ミクロ経済学Ⅰ,今井 晋
 , 
ミクロ経済学Ⅱ,齋藤 久光
 , 
基礎ミクロ経済学,久保田 肇
, 
ミクロ経済学特論,久保田 肇
   , 
マクロ経済学Ⅰ,五十嵐 洋介
 , 
マクロ経済学Ⅱ,代田 豊一郎
 , 
基礎マクロ経済学,五十嵐 洋介
, 
マクロ経済学特論,五十嵐 洋介
   , 
都市経済学特論Ａ,齋藤 久光
     , 
都市経済学特論Ｂ,齋藤 久光
     , 
基礎社会経済分析,橋本 努
   , 
社会経済学Ⅱ,橋本 努
 Ⅱ, 
社会経済学Ⅰ,斉藤 尚
 Ⅰ, 
社会経済学特論Ａ,斉藤 尚
     , 
社会経済学特論Ｂ,斉藤 尚
     , 
経済思想Ⅰ,佐々木 憲介
  , 
経済思想史特論Ａ,佐々木 憲介
       , 
経済思想史特論Ｂ,佐々木 憲介
       , 
現代経済思想特論Ａ,橋本 努
     , 
現代経済思想特論Ｂ,橋本 努
       , 
基礎経済史Ｂ,満薗 勇
  , 
基礎経済史Ａ,高井 哲彦
  , 
日本経済史,満薗 勇
   , 
経済史Ⅰ,満薗 勇
  , 
日本経済史特論Ａ,満薗 勇
       , 
日本経済史特論Ｂ,満薗 勇
       , 
西洋経済史特論Ａ,高井 哲彦
      , 
アジア経済史,松村 史穂
   , 
経済史Ⅲ,松村 史穂
  , 
アジア経済史特論Ａ,松村 史穂
       , 
アジア経済史特論Ｂ,松村 史穂
       , 
地域経済史特論Ａ,韓 載香
      , 
地域経済史特論Ｂ,韓 載香
      , 
計量経済学Ⅱ,長谷川 光
 , 
計量経済学Ⅰ,髙木 真吾
 , 
基礎計量経済学（実習）,長谷川 光
, 
計量経済学特論,長谷川 光
   , 
統計分析,髙木 真吾
 , 
基礎計量経済学（理論）,髙木 真吾
, 
応用計量経済学特論,髙木 真吾
    , 
計量分析,鈴川 晶夫
 , 
経済時系列分析特論Ａ,柿沢 佳秀
         , 
経済時系列分析特論Ｂ,柿沢 佳秀
         , 
数理統計学特論Ａ,鈴川 晶夫
     , 
数理統計学特論Ｂ,鈴川 晶夫
     , 
応用統計学特論Ａ,園 信太郎
     , 
応用統計学特論Ｂ,園 信太郎
     , 
公共経済学特論Ａ,板谷 淳一
     , 
公共経済学特論Ｂ,板谷 淳一
     , 
公共経済学,板谷 淳一
 , 
金融経済学,早川 仁
 , 
金融経済学特論Ａ,早川 仁
     , 
金融経済学特論Ｂ,早川 仁
     , 
労働経済学,安部 由起子
 , 
労働経済学特論Ａ,安部 由起子
     , 
労働経済学特論Ｂ,安部 由起子
     , 
産業組織論,今井 晋
 , 
応用ミクロ経済学,今井 晋
 , 
産業組織論特論Ａ,今井 晋
     , 
産業組織論特論Ｂ,今井 晋
     , 
環境経済学特論Ｂ,成田 大樹
     , 
厚生経済学特論Ａ,久保田 肇
     , 
厚生経済学特論Ｂ,久保田 肇
     , 
国際経済学,須賀 宣仁
 , 
国際経済学特論Ａ,須賀 宣仁
     , 
国際経済学特論Ｂ,須賀 宣仁
     , 
開発経済学,樋渡 雅人
 , 
開発経済学特論Ａ,樋渡 雅人
     , 
開発経済学特論Ｂ,樋渡 雅人
     , 
国際金融論特論Ａ,代田 豊一郎
     , 
国際金融論特論Ｂ,代田 豊一郎
     , 
国際政治経済学特論Ａ,大野 由夏
      , 
地域経済論特論Ａ,東山 寛
     , 
地域経済論特論Ｂ,東山 寛
     , 